[
    {
        "name": "Asad Kirmani",
        "product": "Augmentin 625 Duo Tablet",
        "date": "Oct 12",
        "price": "Rs. 344",
        "status": "DELIEVERED"
    }, {
        "name": "Asad Kirmani",
        "product": "Augmentin 625 Duo Tablet",
        "date": "Oct 12",
        "price": "Rs. 344",
        "status": "DELIEVERED"
    }, {
        "name": "Asad Kirmani",
        "product": "Augmentin 625 Duo Tablet",
        "date": "Oct 12",
        "price": "Rs. 344",
        "status": "DELIEVERED"
    }, {
        "name": "Asad Kirmani",
        "product": "Augmentin 625 Duo Tablet",
        "date": "Oct 12",
        "price": "Rs. 344",
        "status": "DELIEVERED"
    }, {
        "name": "Asad Kirmani",
        "product": "Augmentin 625 Duo Tablet",
        "date": "Oct 12",
        "price": "Rs. 344",
        "status": "DELIEVERED"
    }, {
        "name": "Asad Kirmani",
        "product": "Augmentin 625 Duo Tablet",
        "date": "Oct 12",
        "price": "Rs. 344",
        "status": "DELIEVERED"
    }, {
        "name": "Asad Kirmani",
        "product": "Augmentin 625 Duo Tablet",
        "date": "Oct 12",
        "price": "Rs. 344",
        "status": "DELIEVERED"
    }, {
        "name": "Asad Kirmani",
        "product": "Augmentin 625 Duo Tablet",
        "date": "Oct 12",
        "price": "Rs. 344",
        "status": "DELIEVERED"
    }
]