[
    {
        "name": "Augmentin 625 Duo Tablet",
        "medID": "D06ID232435454",
        "groupname": "Generic Medicine",
        "stock":  "350"
    },
    {
        "name": "Augmentin 625 Duo Tablet",
        "medID": "D06ID232435454",
        "groupname": "Generic Medicine",
        "stock":  "350"
    },
    {
        "name": "Augmentin 625 Duo Tablet",
        "medID": "D06ID232435454",
        "groupname": "Generic Medicine",
        "stock":  "350"
    },
    {
        "name": "Augmentin 625 Duo Tablet",
        "medID": "D06ID232435454",
        "groupname": "Generic Medicine",
        "stock":  "350"
    },
    {
        "name": "Augmentin 625 Duo Tablet",
        "medID": "D06ID232435454",
        "groupname": "Generic Medicine",
        "stock":  "350"
    },
    {
        "name": "Augmentin 625 Duo Tablet",
        "medID": "D06ID232435454",
        "groupname": "Generic Medicine",
        "stock":  "350"
    }

]